{
  "src": [
    "pack/audiosprite.ogg",
    "pack/audiosprite.m4a",
    "pack/audiosprite.mp3",
    "pack/audiosprite.ac3"
  ],
  "sprite": {
    "Background": [
      0,
      26482.766439909297,
      true
    ],
    "Fail": [
      28000,
      545.918367346939
    ],
    "Footsteps": [
      30000,
      359.45578231292427
    ],
    "Jump": [
      32000,
      244.9206349206321
    ],
    "PauseIn": [
      34000,
      259.04761904762097
    ],
    "PauseOut": [
      36000,
      220.2721088435382
    ],
    "Punch": [
      38000,
      102.92517006802626
    ],
    "Spring": [
      40000,
      226.4852607709784
    ],
    "Success": [
      42000,
      280.1587301587318
    ],
    "GameOver": [
      44000,
      5250.612244897959
    ]
  }
}